model_family,feature_set,avg_precision,brier,f1,roc_auc
Logit,A_place_time,0.0965065188538167,0.22734489999094967,0.15838001613008698,0.5364454167384103
Logit,B_local_history,0.46589832889892,0.1331634961489023,0.15838001613008698,0.8104784356572797
Logit,C_local_plus_neighbors,0.4704885417305992,0.13252772060252618,0.15838001613008698,0.8250593858382482
Logit,D_extended,0.49785095870191676,0.13060776860992973,0.15838001613008698,0.8367361213158586
RF,A_place_time,0.31083668025136296,0.11634262875536112,0.19105254227702054,0.7782620207458184
RF,B_local_history,0.47465131417751144,0.10837415626400514,0.20300481848382365,0.8264429089993116
RF,C_local_plus_neighbors,0.4763007288272728,0.10363306831855078,0.19584198401638178,0.8295538275393668
RF,D_extended,0.49815221030954626,0.11110440341185017,0.1623765037972982,0.8444432165479157
