model,feature_set,n_features,roc_auc,avg_precision,brier,threshold,precision,recall,f1,positive_rate_pred
RF_D_extended,D_extended,28,0.8444432165479157,0.49815221030954626,0.11110440341185017,0.08600037875201212,0.08838162130523851,0.9975227085053675,0.1623765037972982,0.970646719060695
Logit_D_extended,D_extended,28,0.8367361213158586,0.49785095870191676,0.13060776860992973,0.08600037875201212,0.08600037875201212,1.0,0.15838001613008698,1.0
RF_C_local_plus_neighbors,C_local_plus_neighbors,18,0.8295538275393668,0.4763007288272728,0.10363306831855078,0.08600037875201212,0.10920451662014717,0.947701624002202,0.19584198401638178,0.7463308398825869
RF_B_local_history,B_local_history,15,0.8264429089993116,0.47465131417751144,0.10837415626400514,0.08600037875201212,0.11388515782404299,0.9335260115606936,0.20300481848382365,0.7049521825584698
Logit_C_local_plus_neighbors,C_local_plus_neighbors,18,0.8250593858382482,0.4704885417305992,0.13252772060252618,0.08600037875201212,0.08600037875201212,1.0,0.15838001613008698,1.0
Logit_B_local_history,B_local_history,15,0.8104784356572797,0.46589832889892,0.1331634961489023,0.08600037875201212,0.08600037875201212,1.0,0.15838001613008698,1.0
RF_A_place_time,A_place_time,5,0.7782620207458184,0.31083668025136296,0.11634262875536112,0.08600037875201212,0.10646411799930663,0.9298100743187449,0.19105254227702054,0.7510889120348452
Logit_A_place_time,A_place_time,5,0.5364454167384103,0.0965065188538167,0.22734489999094967,0.08600037875201212,0.08600037875201212,1.0,0.15838001613008698,1.0
